intervalo,tempo_execucao
1-100000,0.7184627056121826
1-250000,2.881544351577759
1-500000,8.54773211479187
1-750000,15.27412724494934
1-1000000,23.745232105255127
