intervalo,tempo_execucao
1-100000,0.916377067565918
1-250000,3.6313507556915283
1-500000,10.543835401535034
1-750000,19.986757516860962
1-1000000,31.099409341812134
